UserId,AccountNumber,AccountBalance
Hars0001,10001000,700
Kent0002,10001001,600
Russ0003,10001002,300
Shar0004,10001003,200
Shil0005,10001004,100
Jhan0006,10001005,500
Sure0007,10001006,900
Dile0008,10001007,10000
Vara0009,10001008,200
Shar0010,10001009,20000
Shar0011,10001010,20000
Shar0012,10001011,20000
Shar0013,10001012,20000
,10001013,20000
Shar0015,10001014,20000
Shar0016,10001015,20000
Shar0017,10001016,20000
Shar0018,10001017,20000
Shar0019,10001018,20000
Shar0020,10001019,20000
Shar0021,10001020,20000
Shar0022,10001021,20000
Shar0023,10001022,20000
Shar0024,10001023,20000
Shar0025,10001024,20000
Shar0026,10001025,20000
Shar0027,10001026,20000
Shar0028,10001027,20000
Shar0029,10001028,20000
Shar0030,10001029,20000
Shar0031,10001030,20000
Shar0032,10001031,20000
Shar0033,10001032,20000
Shar0034,10001033,20000
Shar0035,10001034,20000
Shar0036,10001035,20000
Shar0037,10001036,20000
Shar0038,10001037,20000
Shar0039,10001038,20000
Shar0040,10001039,20000
Shar0041,10001040,20000
Shar0042,10001041,20000
Shar0043,10001042,20000
Shar0044,10001043,20000
Shar0045,10001044,20000
Shar0046,10001045,20000
Shar0047,10001046,20000
Shar0048,10001047,20000
Shar0049,10001048,20000
Shar0050,10001049,20000
Shar0051,10001050,20000
Shar0052,10001051,20000
Shar0053,10001052,20000
Shar0054,10001053,20000
Shar0055,10001054,20000
Shar0056,10001055,20000
Shar0057,10001056,20000
Shar0058,10001057,20000
Shar0059,10001058,20000
Shar0060,10001059,20000
Shar0061,10001060,20000
,10001061,20000
Shar0063,10001062,20000
Shar0064,10001063,20000
Shar0065,10001064,20000
Shar0066,10001065,20000
Shar0067,10001066,20000
Shar0068,10001067,20000
Shar0069,10001068,20000
Shar0070,10001069,20000
Shar0071,10001070,20000
Shar0072,10001071,20000
Shar0073,10001072,20000
Shar0074,10001073,20000
Shar0075,10001074,20000
Shar0076,10001075,20000
Shar0077,10001076,20000
Shar0078,10001077,20000
Shar0079,10001078,20000
Shar0080,10001079,20000
Shar0081,10001080,20000
Shar0082,10001081,20000
Shar0083,10001082,20000
Shar0084,10001083,20000
Shar0085,10001084,20000
Shar0086,10001085,20000
Shar0087,10001086,20000
Shar0088,10001087,20000
Shar0089,10001088,20000
Shar0090,10001089,20000
Shar0091,10001090,20000
Shar0092,10001091,20000
Shar0093,10001092,20000
Shar0094,10001093,20000
Shar0095,10001094,20000
Shar0096,10001095,20000
Shar0097,10001096,20000
Shar0098,10001097,20000
Shar0099,10001098,20000
Shar0100,10001099,20000
Shar0101,10001100,20000
Shar0102,10001101,20000
Shar0103,10001102,20000
Shar0104,10001103,20000
,10001104,20000
Shar0106,10001105,20000
Shar0107,10001106,20000
Shar0108,10001107,20000
Shar0109,10001108,20000
Shar0110,10001109,20000
Shar0111,10001110,20000
Shar0112,10001111,20000
Shar0113,10001112,20000
Shar0114,10001113,20000
Shar0115,10001114,20000
Shar0116,10001115,20000
Shar0117,10001116,20000
Shar0118,10001117,20000
Shar0119,10001118,20000
Shar0120,10001119,20000
Shar0121,10001120,20000
Shar0122,10001121,20000
Shar0123,10001122,20000
Shar0124,10001123,20000
Shar0125,10001124,20000
Shar0126,10001125,20000
Shar0127,10001126,20000
Shar0128,10001127,20000
Shar0129,10001128,20000
Shar0130,10001129,20000
Shar0131,10001130,20000
Shar0132,10001131,20000
Shar0133,10001132,20000
Shar0134,10001133,20000
Shar0135,10001134,20000
Shar0136,10001135,20000
Shar0137,10001136,20000
Shar0138,10001137,20000
Shar0139,10001138,20000
Shar0140,10001139,20000
Shar0141,10001140,20000
Shar0142,10001141,20000
Shar0143,10001142,20000
Shar0144,10001143,20000
Shar0145,10001144,20000
Shar0146,10001145,20000
Shar0147,10001146,20000
Shar0148,10001147,20000
Shar0149,10001148,20000
Shar0150,10001149,20000
Shar0151,10001150,20000
Shar0152,10001151,20000
Shar0153,10001152,20000
Shar0154,10001153,20000
Shar0155,10001154,20000
Shar0156,10001155,20000
Shar0157,10001156,20000
Shar0158,10001157,20000
Shar0159,10001158,20000
Shar0160,10001159,20000
,10001160,20000
Shar0162,10001161,20000
Shar0163,10001162,20000
Shar0164,10001163,20000
Shar0165,10001164,20000
Shar0166,10001165,20000
Shar0167,10001166,20000
Shar0168,10001167,20000
Shar0169,10001168,20000
Shar0170,10001169,20000
Shar0171,10001170,20000
Shar0172,10001171,20000
Shar0173,10001172,20000
Shar0174,10001173,20000
Shar0175,10001174,20000
Shar0176,10001175,20000
Shar0177,10001176,20000
Shar0178,10001177,20000
Shar0179,10001178,20000
Shar0180,10001179,20000
Shar0181,10001180,20000
Shar0182,10001181,20000
Shar0183,10001182,20000
Shar0184,10001183,20000
Shar0185,10001184,20000
Shar0186,10001185,20000
Shar0187,10001186,20000
Shar0188,10001187,20000
Shar0189,10001188,20000
Shar0190,10001189,20000
Shar0191,10001190,20000
Shar0192,10001191,20000
Shar0193,10001192,20000
Shar0194,10001193,20000
Shar0195,10001194,20000
Shar0196,10001195,20000
Shar0197,10001196,20000
Shar0198,10001197,20000
Shar0199,10001198,20000
Shar0200,10001199,20000
Shar0201,10001200,20000
Shar0202,10001201,20000
Shar0203,10001202,20000
Shar0204,10001203,20000
Shar0205,10001204,20000
Shar0206,10001205,20000
Shar0207,10001206,20000
Shar0208,10001207,20000
Shar0209,10001208,20000
Shar0210,10001209,20000
Shar0211,10001210,20000
Shar0212,10001211,20000
Shar0213,10001212,20000
Shar0214,10001213,20000
Shar0215,10001214,20000
Shar0216,10001215,20000
Shar0217,10001216,20000
Shar0218,10001217,20000
Shar0219,10001218,20000
Shar0220,10001219,20000
Shar0221,10001220,20000
,10001221,20000
Shar0223,10001222,20000
Shar0224,10001223,20000
Shar0225,10001224,20000
Shar0226,10001225,20000
Shar0227,10001226,20000
Shar0228,10001227,20000
Shar0229,10001228,20000
Shar0230,10001229,20000
Shar0231,10001230,20000
Shar0232,10001231,20000
Shar0233,10001232,20000
Shar0234,10001233,20000
Shar0235,10001234,20000
Shar0236,10001235,20000
Shar0237,10001236,20000
Shar0238,10001237,20000
Shar0239,10001238,20000
Shar0240,10001239,20000
Shar0241,10001240,20000
Shar0242,10001241,20000
Shar0243,10001242,20000
Shar0244,10001243,20000
Shar0245,10001244,20000
Shar0246,10001245,20000
Shar0247,10001246,20000
Shar0248,10001247,20000
Shar0249,10001248,20000
Shar0250,10001249,20000
Shar0251,10001250,20000
Shar0252,10001251,20000
Shar0253,10001252,20000
Shar0254,10001253,20000
Shar0255,10001254,20000
Shar0256,10001255,20000
Shar0257,10001256,20000
Shar0258,10001257,20000
Shar0259,10001258,20000
Shar0260,10001259,20000
Shar0261,10001260,20000
Shar0262,10001261,20000
Shar0263,10001262,20000
Shar0264,10001263,20000
Shar0265,10001264,20000
Shar0266,10001265,20000
Shar0267,10001266,20000
Shar0268,10001267,20000
Shar0269,10001268,20000
Shar0270,10001269,20000
Shar0271,10001270,20000
Shar0272,10001271,20000
Shar0273,10001272,20000
Shar0274,10001273,20000
Shar0275,10001274,20000
Shar0276,10001275,20000
Shar0277,10001276,20000
Shar0278,10001277,20000
Shar0279,10001278,20000
Shar0280,10001279,20000
Shar0281,10001280,20000
Shar0282,10001281,20000
Shar0283,10001282,20000
Shar0284,10001283,20000
Shar0285,10001284,20000
Shar0286,10001285,20000
Shar0287,10001286,20000
Shar0288,10001287,20000
Shar0289,10001288,20000
Shar0290,10001289,20000
Shar0291,10001290,20000
Shar0292,10001291,20000
Shar0293,10001292,20000
Shar0294,10001293,20000
Shar0295,10001294,20000
Shar0296,10001295,20000
Shar0297,10001296,20000
Shar0298,10001297,20000
Shar0299,10001298,20000
Shar0300,10001299,20000
Shar0301,10001300,20000
Shar0302,10001301,20000
Shar0303,10001302,20000
Shar0304,10001303,20000
Shar0305,10001304,20000
Shar0306,10001305,20000
Shar0307,10001306,20000
Shar0308,10001307,20000
Shar0309,10001308,20000
Shar0310,10001309,20000
Shar0311,10001310,20000
Shar0312,10001311,20000
Shar0313,10001312,20000
Shar0314,10001313,20000
Shar0315,10001314,20000
Shar0316,10001315,20000
Shar0317,10001316,20000
Shar0318,10001317,20000
Shar0319,10001318,20000
Shar0320,10001319,20000
Shar0321,10001320,20000
Shar0322,10001321,20000
Shar0323,10001322,20000
Shar0324,10001323,20000
Shar0325,10001324,20000
Shar0326,10001325,20000
Shar0327,10001326,20000
Shar0328,10001327,20000
Shar0329,10001328,20000
Shar0330,10001329,20000
Shar0331,10001330,20000
Shar0332,10001331,20000
Shar0333,10001332,20000
Shar0334,10001333,20000
Shar0335,10001334,20000
Shar0336,10001335,20000
Shar0337,10001336,20000
Shar0338,10001337,20000
Shar0339,10001338,20000
Shar0340,10001339,20000
Shar0341,10001340,20000
Shar0342,10001341,20000
Shar0343,10001342,20000
Shar0344,10001343,20000
Shar0345,10001344,20000
Shar0346,10001345,20000
Shar0347,10001346,20000
Shar0348,10001347,20000
Shar0349,10001348,20000
Shar0350,10001349,20000
Shar0351,10001350,20000
Shar0352,10001351,20000
Shar0353,10001352,20000
Shar0354,10001353,20000
Shar0355,10001354,20000
Shar0356,10001355,20000
Shar0357,10001356,20000
Shar0358,10001357,20000
Shar0359,10001358,20000
Shar0360,10001359,20000
Shar0361,10001360,20000
Shar0362,10001361,20000
Shar0363,10001362,20000
Shar0364,10001363,20000
Shar0365,10001364,20000
Shar0366,10001365,20000
Shar0367,10001366,20000
Shar0368,10001367,20000
Shar0369,10001368,20000
Shar0370,10001369,20000
Shar0371,10001370,20000
Shar0372,10001371,20000
Shar0373,10001372,20000
Shar0374,10001373,20000
Shar0375,10001374,20000
Shar0376,10001375,20000
Shar0377,10001376,20000
Shar0378,10001377,20000
Shar0379,10001378,20000
Shar0380,10001379,20000
Shar0381,10001380,20000
Shar0382,10001381,20000
Shar0383,10001382,20000
Shar0384,10001383,20000
Shar0385,10001384,20000
,10001385,20000
Shar0387,10001386,20000
Shar0388,10001387,20000
Shar0389,10001388,20000
Shar0390,10001389,20000
Shar0391,10001390,20000
Shar0392,10001391,20000
Shar0393,10001392,20000
Shar0394,10001393,20000
Shar0395,10001394,20000
Shar0396,10001395,20000
Shar0397,10001396,20000
Shar0398,10001397,20000
Shar0399,10001398,20000
Shar0400,10001399,20000
Shar0401,10001400,20000
Shar0402,10001401,20000
Shar0403,10001402,20000
Shar0404,10001403,20000
Shar0405,10001404,20000
Shar0406,10001405,20000
Shar0407,10001406,20000
Shar0408,10001407,20000
Shar0409,10001408,20000
Shar0410,10001409,20000
Shar0411,10001410,20000
Shar0412,10001411,20000
Shar0413,10001412,20000
Shar0414,10001413,20000
Shar0415,10001414,20000
Shar0416,10001415,20000
Shar0417,10001416,20000
Shar0418,10001417,20000
Shar0419,10001418,20000
Shar0420,10001419,20000
Shar0421,10001420,20000
Shar0422,10001421,20000
Shar0423,10001422,20000
Shar0424,10001423,20000
Shar0425,10001424,20000
Shar0426,10001425,20000
Shar0427,10001426,20000
Shar0428,10001427,20000
Shar0429,10001428,20000
Shar0430,10001429,20000
Shar0431,10001430,20000
Shar0432,10001431,20000
Shar0433,10001432,20000
Shar0434,10001433,20000
Shar0435,10001434,20000
Shar0436,10001435,20000
Shar0437,10001436,20000
Shar0438,10001437,20000
Shar0439,10001438,20000
Shar0440,10001439,20000
Shar0441,10001440,20000
Shar0442,10001441,20000
Shar0443,10001442,20000
Shar0444,10001443,20000
Shar0445,10001444,20000
Shar0446,10001445,20000
Shar0447,10001446,20000
Shar0448,10001447,20000
Shar0449,10001448,20000
Shar0450,10001449,20000
Shar0451,10001450,20000
Shar0452,10001451,20000
Shar0453,10001452,20000
Shar0454,10001453,20000
Shar0455,10001454,20000
Shar0456,10001455,20000
Shar0457,10001456,20000
Shar0458,10001457,20000
Shar0459,10001458,20000
Shar0460,10001459,20000
Shar0461,10001460,20000
Shar0462,10001461,20000
Shar0463,10001462,20000
Shar0464,10001463,20000
Shar0465,10001464,20000
Shar0466,10001465,20000
Shar0467,10001466,20000
Shar0468,10001467,20000
Shar0469,10001468,20000
Shar0470,10001469,20000
Shar0471,10001470,20000
Shar0472,10001471,20000
Shar0473,10001472,20000
Shar0474,10001473,20000
Shar0475,10001474,20000
Shar0476,10001475,20000
Shar0477,10001476,20000
Shar0478,10001477,20000
Shar0479,10001478,20000
Shar0480,10001479,20000
Shar0481,10001480,20000
Shar0482,10001481,20000
Shar0483,10001482,20000
Shar0484,10001483,20000
Shar0485,10001484,20000
Shar0486,10001485,20000
Shar0487,10001486,20000
Shar0488,10001487,20000
Shar0489,10001488,20000
Shar0490,10001489,20000
Shar0491,10001490,20000
Shar0492,10001491,20000
Shar0493,10001492,20000
Shar0494,10001493,20000
Shar0495,10001494,20000
Shar0496,10001495,20000
Shar0497,10001496,20000
Shar0498,10001497,20000
Shar0499,10001498,20000
Shar0500,10001499,20000
Shar0501,10001500,20000
Shar0502,10001501,20000
Shar0503,10001502,20000
Shar0504,10001503,20000
Shar0505,10001504,20000
Shar0506,10001505,20000
Shar0507,10001506,20000
Shar0508,10001507,20000
Shar0509,10001508,20000
Shar0510,10001509,20000
Shar0511,10001510,20000
Shar0512,10001511,20000
Shar0513,10001512,20000
Shar0514,10001513,20000
Shar0515,10001514,20000
Shar0516,10001515,20000
Shar0517,10001516,20000
Shar0518,10001517,20000
Shar0519,10001518,20000
Shar0520,10001519,20000
Shar0521,10001520,20000
Shar0522,10001521,20000
Shar0523,10001522,20000
Shar0524,10001523,20000
Shar0525,10001524,20000
Shar0526,10001525,20000
Shar0527,10001526,20000
Shar0528,10001527,20000
Shar0529,10001528,20000
Shar0530,10001529,20000
Shar0531,10001530,20000
Shar0532,10001531,20000
Shar0533,10001532,20000
Shar0534,10001533,20000
Shar0535,10001534,20000
Shar0536,10001535,20000
Shar0537,10001536,20000
Shar0538,10001537,20000
Shar0539,10001538,20000
Shar0540,10001539,20000
Shar0541,10001540,20000
Shar0542,10001541,20000
Shar0543,10001542,20000
Shar0544,10001543,20000
Shar0545,10001544,20000
Shar0546,10001545,20000
Shar0547,10001546,20000
Shar0548,10001547,20000
Shar0549,10001548,20000
Shar0550,10001549,20000
Shar0551,10001550,20000
Shar0552,10001551,20000
Shar0553,10001552,20000
Shar0554,10001553,20000
Shar0555,10001554,20000
Shar0556,10001555,20000
Shar0557,10001556,20000
Shar0558,10001557,20000
Shar0559,10001558,20000
Shar0560,10001559,20000
Shar0561,10001560,20000
Shar0562,10001561,20000
Shar0563,10001562,20000
Shar0564,10001563,20000
Shar0565,10001564,20000
Shar0566,10001565,20000
Shar0567,10001566,20000
Shar0568,10001567,20000
Shar0569,10001568,20000
Shar0570,10001569,20000
Shar0571,10001570,20000
Shar0572,10001571,20000
Shar0573,10001572,20000
Shar0574,10001573,20000
Shar0575,10001574,20000
Shar0576,10001575,20000
Shar0577,10001576,20000
Shar0578,10001577,20000
Shar0579,10001578,20000
Shar0580,10001579,20000
Shar0581,10001580,20000
Shar0582,10001581,20000
Shar0583,10001582,20000
Shar0584,10001583,20000
Shar0585,10001584,20000
Shar0586,10001585,20000
Shar0587,10001586,20000
Shar0588,10001587,20000
Shar0589,10001588,20000
Shar0590,10001589,20000
Shar0591,10001590,20000
Shar0592,10001591,20000
Shar0593,10001592,20000
Shar0594,10001593,20000
Shar0595,10001594,20000
Shar0596,10001595,20000
Shar0597,10001596,20000
Shar0598,10001597,20000
Shar0599,10001598,20000
Shar0600,10001599,20000
Shar0601,10001600,20000
Shar0602,10001601,20000
Shar0603,10001602,20000
Shar0604,10001603,20000
Shar0605,10001604,20000
Shar0606,10001605,20000
Shar0607,10001606,20000
Shar0608,10001607,20000
Shar0609,10001608,20000
Shar0610,10001609,20000
Shar0611,10001610,20000
Shar0612,10001611,20000
Shar0613,10001612,20000
Shar0614,10001613,20000
Shar0615,10001614,20000
Shar0616,10001615,20000
Shar0617,10001616,20000
Shar0618,10001617,20000
Shar0619,10001618,20000
Shar0620,10001619,20000
Shar0621,10001620,20000
Shar0622,10001621,20000
Shar0623,10001622,20000
Shar0624,10001623,20000
Shar0625,10001624,20000
Shar0626,10001625,20000
Shar0627,10001626,20000
Shar0628,10001627,20000
Shar0629,10001628,20000
Shar0630,10001629,20000
Shar0631,10001630,20000
Shar0632,10001631,20000
Shar0633,10001632,20000
Shar0634,10001633,20000
Shar0635,10001634,20000
Shar0636,10001635,20000
Shar0637,10001636,20000
Shar0638,10001637,20000
Shar0639,10001638,20000
Shar0640,10001639,20000
Shar0641,10001640,20000
Shar0642,10001641,20000
Shar0643,10001642,20000
Shar0644,10001643,20000
Shar0645,10001644,20000
Shar0646,10001645,20000
Shar0647,10001646,20000
Shar0648,10001647,20000
Shar0649,10001648,20000
Shar0650,10001649,20000
Shar0651,10001650,20000
Shar0652,10001651,20000
Shar0653,10001652,20000
Shar0654,10001653,20000
Shar0655,10001654,20000
Shar0656,10001655,20000
Shar0657,10001656,20000
Shar0658,10001657,20000
Shar0659,10001658,20000
Shar0660,10001659,20000
Shar0661,10001660,20000
Shar0662,10001661,20000
Shar0663,10001662,20000
Shar0664,10001663,20000
Shar0665,10001664,20000
Shar0666,10001665,20000
Shar0667,10001666,20000
Shar0668,10001667,20000
Shar0669,10001668,20000
Shar0670,10001669,20000
Shar0671,10001670,20000
Shar0672,10001671,20000
Shar0673,10001672,20000
Shar0674,10001673,20000
Shar0675,10001674,20000
Shar0676,10001675,20000
Shar0677,10001676,20000
Shar0678,10001677,20000
Shar0679,10001678,20000
Shar0680,10001679,20000
Shar0681,10001680,20000
Shar0682,10001681,20000
Shar0683,10001682,20000
Shar0684,10001683,20000
Shar0685,10001684,20000
Shar0686,10001685,20000
Shar0687,10001686,20000
Shar0688,10001687,20000
Shar0689,10001688,20000
Shar0690,10001689,20000
Shar0691,10001690,20000
Shar0692,10001691,20000
Shar0693,10001692,20000
Shar0694,10001693,20000
Shar0695,10001694,20000
Shar0696,10001695,20000
Shar0697,10001696,20000
Shar0698,10001697,20000
Shar0699,10001698,20000
Shar0700,10001699,20000
Shar0701,10001700,20000
Shar0702,10001701,20000
Shar0703,10001702,20000
Shar0704,10001703,20000
Shar0705,10001704,20000
Shar0706,10001705,20000
Shar0707,10001706,20000
Shar0708,10001707,20000
Shar0709,10001708,20000
Shar0710,10001709,20000
Shar0711,10001710,20000
Shar0712,10001711,20000
Shar0713,10001712,20000
Shar0714,10001713,20000
Shar0715,10001714,20000
Shar0716,10001715,20000
Shar0717,10001716,20000
Shar0718,10001717,20000
Shar0719,10001718,20000
Shar0720,10001719,20000
Shar0721,10001720,20000
Shar0722,10001721,20000
Shar0723,10001722,20000
Shar0724,10001723,20000
Shar0725,10001724,20000
Shar0726,10001725,20000
Shar0727,10001726,20000
Shar0728,10001727,20000
Shar0729,10001728,20000
Shar0730,10001729,20000
Shar0731,10001730,20000
Shar0732,10001731,20000
Shar0733,10001732,20000
Shar0734,10001733,20000
Shar0735,10001734,20000
Shar0736,10001735,20000
Shar0737,10001736,20000
Shar0738,10001737,20000
Shar0739,10001738,20000
Shar0740,10001739,20000
Shar0741,10001740,20000
Shar0742,10001741,20000
Shar0743,10001742,20000
Shar0744,10001743,20000
Shar0745,10001744,20000
Shar0746,10001745,20000
Shar0747,10001746,20000
Shar0748,10001747,20000
Shar0749,10001748,20000
Shar0750,10001749,20000
Shar0751,10001750,20000
Shar0752,10001751,20000
Shar0753,10001752,20000
Shar0754,10001753,20000
Shar0755,10001754,20000
Shar0756,10001755,20000
Shar0757,10001756,20000
Shar0758,10001757,20000
Shar0759,10001758,20000
Shar0760,10001759,20000
Shar0761,10001760,20000
Shar0762,10001761,20000
Shar0763,10001762,20000
Shar0764,10001763,20000
Shar0765,10001764,20000
Shar0766,10001765,20000
Shar0767,10001766,20000
Shar0768,10001767,20000
Shar0769,10001768,20000
Shar0770,10001769,20000
Shar0771,10001770,20000
Shar0772,10001771,20000
Shar0773,10001772,20000
Shar0774,10001773,20000
Shar0775,10001774,20000
Shar0776,10001775,20000
Shar0777,10001776,20000
Shar0778,10001777,20000
Shar0779,10001778,20000
Shar0780,10001779,20000
Shar0781,10001780,20000
Shar0782,10001781,20000
Shar0783,10001782,20000
Shar0784,10001783,20000
Shar0785,10001784,20000
Shar0786,10001785,20000
Shar0787,10001786,20000
Shar0788,10001787,20000
Shar0789,10001788,20000
Shar0790,10001789,20000
Shar0791,10001790,20000
Shar0792,10001791,20000
Shar0793,10001792,20000
Shar0794,10001793,20000
Shar0795,10001794,20000
Shar0796,10001795,20000
Shar0797,10001796,20000
Shar0798,10001797,20000
Shar0799,10001798,20000
Shar0800,10001799,20000
Shar0801,10001800,20000
Shar0802,10001801,20000
Shar0803,10001802,20000
Shar0804,10001803,20000
Shar0805,10001804,20000
Shar0806,10001805,20000
Shar0807,10001806,20000
Shar0808,10001807,20000
Shar0809,10001808,20000
Shar0810,10001809,20000
Shar0811,10001810,20000
Shar0812,10001811,20000
Shar0813,10001812,20000
Shar0814,10001813,20000
Shar0815,10001814,20000
Shar0816,10001815,20000
Shar0817,10001816,20000
Shar0818,10001817,20000
Shar0819,10001818,20000
Shar0820,10001819,20000
Shar0821,10001820,20000
Shar0822,10001821,20000
Shar0823,10001822,20000
Shar0824,10001823,20000
Shar0825,10001824,20000
Shar0826,10001825,20000
Shar0827,10001826,20000
Shar0828,10001827,20000
Shar0829,10001828,20000
Shar0830,10001829,20000
Shar0831,10001830,20000
Shar0832,10001831,20000
Shar0833,10001832,20000
Shar0834,10001833,20000
Shar0835,10001834,20000
Shar0836,10001835,20000
Shar0837,10001836,20000
Shar0838,10001837,20000
Shar0839,10001838,20000
Shar0840,10001839,20000
Shar0841,10001840,20000
Shar0842,10001841,20000
Shar0843,10001842,20000
Shar0844,10001843,20000
Shar0845,10001844,20000
Shar0846,10001845,20000
Shar0847,10001846,20000
Shar0848,10001847,20000
Shar0849,10001848,20000
Shar0850,10001849,20000
Shar0851,10001850,20000
Shar0852,10001851,20000
Shar0853,10001852,20000
Shar0854,10001853,20000
Shar0855,10001854,20000
Shar0856,10001855,20000
Shar0857,10001856,20000
Shar0858,10001857,20000
Shar0859,10001858,20000
Shar0860,10001859,20000
Shar0861,10001860,20000
Shar0862,10001861,20000
Shar0863,10001862,20000
Shar0864,10001863,20000
Shar0865,10001864,20000
Shar0866,10001865,20000
Shar0867,10001866,20000
Shar0868,10001867,20000
Shar0869,10001868,20000
Shar0870,10001869,20000
Shar0871,10001870,20000
Shar0872,10001871,20000
Shar0873,10001872,20000
Shar0874,10001873,20000
Shar0875,10001874,20000
Shar0876,10001875,20000
Shar0877,10001876,20000
Shar0878,10001877,20000
Shar0879,10001878,20000
Shar0880,10001879,20000
Shar0881,10001880,20000
Shar0882,10001881,20000
Shar0883,10001882,20000
Shar0884,10001883,20000
Shar0885,10001884,20000
Shar0886,10001885,20000
Shar0887,10001886,20000
Shar0888,10001887,20000
Shar0889,10001888,20000
Shar0890,10001889,20000
Shar0891,10001890,20000
Shar0892,10001891,20000
Shar0893,10001892,20000
Shar0894,10001893,20000
Shar0895,10001894,20000
Shar0896,10001895,20000
Shar0897,10001896,20000
Shar0898,10001897,20000
Shar0899,10001898,20000
Shar0900,10001899,20000
Shar0901,10001900,20000
Shar0902,10001901,20000
Shar0903,10001902,20000
Shar0904,10001903,20000
Shar0905,10001904,20000
Shar0906,10001905,20000
Shar0907,10001906,20000
Shar0908,10001907,20000
Shar0909,10001908,20000
Shar0910,10001909,20000
Shar0911,10001910,20000
Shar0912,10001911,20000
Shar0913,10001912,20000
Shar0914,10001913,20000
Shar0915,10001914,20000
Shar0916,10001915,20000
Shar0917,10001916,20000
Shar0918,10001917,20000
Shar0919,10001918,20000
Shar0920,10001919,20000
Shar0921,10001920,20000
Shar0922,10001921,20000
Shar0923,10001922,20000
Shar0924,10001923,20000
Shar0925,10001924,20000
Shar0926,10001925,20000
Shar0927,10001926,20000
Shar0928,10001927,20000
Shar0929,10001928,20000
Shar0930,10001929,20000
Shar0931,10001930,20000
Shar0932,10001931,20000
Shar0933,10001932,20000
Shar0934,10001933,20000
Shar0935,10001934,20000
Shar0936,10001935,20000
Shar0937,10001936,20000
Shar0938,10001937,20000
Shar0939,10001938,20000
Shar0940,10001939,20000
Shar0941,10001940,20000
Shar0942,10001941,20000
Shar0943,10001942,20000
Shar0944,10001943,20000
Shar0945,10001944,20000
Shar0946,10001945,20000
Shar0947,10001946,20000
Shar0948,10001947,20000
Shar0949,10001948,20000
Shar0950,10001949,20000
Shar0951,10001950,20000
Shar0952,10001951,20000
Shar0953,10001952,20000
Shar0954,10001953,20000
Shar0955,10001954,20000
Shar0956,10001955,20000
Shar0957,10001956,20000
Shar0958,10001957,20000
Shar0959,10001958,20000
Shar0960,10001959,20000
Shar0961,10001960,20000
Shar0962,10001961,20000
Shar0963,10001962,20000
Shar0964,10001963,20000
Shar0965,10001964,20000
Shar0966,10001965,20000
Shar0967,10001966,20000
Shar0968,10001967,20000
Shar0969,10001968,20000
Shar0970,10001969,20000
Shar0971,10001970,20000
Shar0972,10001971,20000
Shar0973,10001972,20000
Shar0974,10001973,20000
Shar0975,10001974,20000
Shar0976,10001975,20000
Shar0977,10001976,20000
Shar0978,10001977,20000
Shar0979,10001978,20000
Shar0980,10001979,20000
Shar0981,10001980,20000
Shar0982,10001981,20000
Shar0983,10001982,20000
Shar0984,10001983,20000
Shar0985,10001984,20000
Shar0986,10001985,20000
Shar0987,10001986,20000
Shar0988,10001987,20000
Shar0989,10001988,20000
Shar0990,10001989,20000
Shar0991,10001990,20000
Shar0992,10001991,20000
Shar0993,10001992,20000
Shar0994,10001993,20000
Shar0995,10001994,20000
Shar0996,10001995,20000
Shar0997,10001996,20000
Shar0998,10001997,20000
Shar0999,10001998,20000
Shar1000,10001999,20000
Shar1001,10002000,20000
Shar1002,10002001,20000
Shar1003,10002002,20000
Shar1004,10002003,20000
Shar1005,10002004,20000
Shar1006,10002005,20000
Shar1007,10002006,20000
Shar1008,10002007,20000
Shar1009,10002008,20000
Shar1010,10002009,20000
Shar1011,10002010,20000
Shar1012,10002011,20000
Shar1013,10002012,20000
Shar1014,10002013,20000
Shar1015,10002014,20000
Shar1016,10002015,20000
Shar1017,10002016,20000
Shar1018,10002017,20000
Shar1019,10002018,20000
Shar1020,10002019,20000
Shar1021,10002020,20000
Shar1022,10002021,20000
Shar1023,10002022,20000
Shar1024,10002023,20000
Shar1025,10002024,20000
Shar1026,10002025,20000
Shar1027,10002026,20000
Shar1028,10002027,20000
Shar1029,10002028,20000
Shar1030,10002029,20000
Shar1031,10002030,20000
Shar1032,10002031,20000
Shar1033,10002032,20000
Shar1034,10002033,20000
Shar1035,10002034,20000
Shar1036,10002035,20000
Shar1037,10002036,20000
Shar1038,10002037,20000
Shar1039,10002038,20000
Shar1040,10002039,20000
Shar1041,10002040,20000
Shar1042,10002041,20000
Shar1043,10002042,20000
Shar1044,10002043,20000
Shar1045,10002044,20000
Shar1046,10002045,20000
Shar1047,10002046,20000
Shar1048,10002047,20000
Shar1049,10002048,20000
Shar1050,10002049,20000
Shar1051,10002050,20000
Shar1052,10002051,20000
Shar1053,10002052,20000
Shar1054,10002053,20000
Shar1055,10002054,20000
Shar1056,10002055,20000
Shar1057,10002056,20000
Shar1058,10002057,20000
Shar1059,10002058,20000
Shar1060,10002059,20000
Shar1061,10002060,20000
Shar1062,10002061,20000
Shar1063,10002062,20000
Shar1064,10002063,20000
Shar1065,10002064,20000
Shar1066,10002065,20000
Shar1067,10002066,20000
Shar1068,10002067,20000
Shar1069,10002068,20000
Shar1070,10002069,20000
Shar1071,10002070,20000
Shar1072,10002071,20000
Shar1073,10002072,20000
Shar1074,10002073,20000
Shar1075,10002074,20000
Shar1076,10002075,20000
Shar1077,10002076,20000
Shar1078,10002077,20000
Shar1079,10002078,20000
Shar1080,10002079,20000
Shar1081,10002080,20000
Shar1082,10002081,20000
Shar1083,10002082,20000
Shar1084,10002083,20000
Shar1085,10002084,20000
Shar1086,10002085,20000
Shar1087,10002086,20000
Shar1088,10002087,20000
Shar1089,10002088,20000
Shar1090,10002089,20000
Shar1091,10002090,20000
Shar1092,10002091,20000
Shar1093,10002092,20000
Shar1094,10002093,20000
Shar1095,10002094,20000
Shar1096,10002095,20000
Shar1097,10002096,20000
Shar1098,10002097,20000
Shar1099,10002098,20000
Shar1100,10002099,20000
Shar1101,10002100,20000
Shar1102,10002101,20000
Shar1103,10002102,20000
Shar1104,10002103,20000
Shar1105,10002104,20000
Shar1106,10002105,20000
Shar1107,10002106,20000
Shar1108,10002107,20000
Shar1109,10002108,20000
Shar1110,10002109,20000
Shar1111,10002110,20000
Shar1112,10002111,20000
Shar1113,10002112,20000
Shar1114,10002113,20000
Shar1115,10002114,20000
Shar1116,10002115,20000
Shar1117,10002116,20000
Shar1118,10002117,20000
Shar1119,10002118,20000
Shar1120,10002119,20000
Shar1121,10002120,20000
Shar1122,10002121,20000
Shar1123,10002122,20000
Shar1124,10002123,20000
Shar1125,10002124,20000
Shar1126,10002125,20000
Shar1127,10002126,20000
Shar1128,10002127,20000
Shar1129,10002128,20000
Shar1130,10002129,20000
Shar1131,10002130,20000
Shar1132,10002131,20000
Shar1133,10002132,20000
Shar1134,10002133,20000
Shar1135,10002134,20000
Shar1136,10002135,20000
Shar1137,10002136,20000
Shar1138,10002137,20000
Shar1139,10002138,20000
Shar1140,10002139,20000
Shar1141,10002140,20000
Shar1142,10002141,20000
Shar1143,10002142,20000
Shar1144,10002143,20000
Shar1145,10002144,20000
Shar1146,10002145,20000
Shar1147,10002146,20000
Shar1148,10002147,20000
Shar1149,10002148,20000
Shar1150,10002149,20000
Shar1151,10002150,20000
Shar1152,10002151,20000
Shar1153,10002152,20000
Shar1154,10002153,20000
Shar1155,10002154,20000
Shar1156,10002155,20000
Shar1157,10002156,20000
Shar1158,10002157,20000
Shar1159,10002158,20000
Shar1160,10002159,20000
Shar1161,10002160,20000
Shar1162,10002161,20000
Shar1163,10002162,20000
Shar1164,10002163,20000
Shar1165,10002164,20000
Shar1166,10002165,20000
Shar1167,10002166,20000
Shar1168,10002167,20000
Shar1169,10002168,20000
Shar1170,10002169,20000
Shar1171,10002170,20000
Shar1172,10002171,20000
Shar1173,10002172,20000
Shar1174,10002173,20000
Shar1175,10002174,20000
Shar1176,10002175,20000
Shar1177,10002176,20000
Shar1178,10002177,20000
Shar1179,10002178,20000
Shar1180,10002179,20000
Shar1181,10002180,20000
Shar1182,10002181,20000
Shar1183,10002182,20000
Shar1184,10002183,20000
Shar1185,10002184,20000
Shar1186,10002185,20000
Shar1187,10002186,20000
Shar1188,10002187,20000
Shar1189,10002188,20000
Shar1190,10002189,20000
Shar1191,10002190,20000
Shar1192,10002191,20000
Shar1193,10002192,20000
Shar1194,10002193,20000
Shar1195,10002194,20000
Shar1196,10002195,20000
Shar1197,10002196,20000
Shar1198,10002197,20000
Shar1199,10002198,20000
Shar1200,10002199,20000
Shar1201,10002200,20000
Shar1202,10002201,20000
Shar1203,10002202,20000
Shar1204,10002203,20000
Shar1205,10002204,20000
Shar1206,10002205,20000
Shar1207,10002206,20000
Shar1208,10002207,20000
Shar1209,10002208,20000
Shar1210,10002209,20000
Shar1211,10002210,20000
Shar1212,10002211,20000
Shar1213,10002212,20000
Shar1214,10002213,20000
Shar1215,10002214,20000
Shar1216,10002215,20000
Shar1217,10002216,20000
Shar1218,10002217,20000
Shar1219,10002218,20000
Shar1220,10002219,20000
Shar1221,10002220,20000
Shar1222,10002221,20000
Shar1223,10002222,20000
Shar1224,10002223,20000
Shar1225,10002224,20000
Shar1226,10002225,20000
Shar1227,10002226,20000
Shar1228,10002227,20000
Shar1229,10002228,20000
Shar1230,10002229,20000
Shar1231,10002230,20000
Shar1232,10002231,20000
Shar1233,10002232,20000
Shar1234,10002233,20000
Shar1235,10002234,20000
Shar1236,10002235,20000
Shar1237,10002236,20000
Shar1238,10002237,20000
Shar1239,10002238,20000
Shar1240,10002239,20000
Shar1241,10002240,20000
Shar1242,10002241,20000
Shar1243,10002242,20000
Shar1244,10002243,20000
Shar1245,10002244,20000
Shar1246,10002245,20000
Shar1247,10002246,20000
Shar1248,10002247,20000
Shar1249,10002248,20000
Shar1250,10002249,20000
Shar1251,10002250,20000
Shar1252,10002251,20000
Shar1253,10002252,20000
Shar1254,10002253,20000
Shar1255,10002254,20000
Shar1256,10002255,20000
Shar1257,10002256,20000
Shar1258,10002257,20000
Shar1259,10002258,20000
Shar1260,10002259,20000
Shar1261,10002260,20000
Shar1262,10002261,20000
Shar1263,10002262,20000
Shar1264,10002263,20000
Shar1265,10002264,20000
Shar1266,10002265,20000
Shar1267,10002266,20000
Shar1268,10002267,20000
Shar1269,10002268,20000
Shar1270,10002269,20000
Shar1271,10002270,20000
Shar1272,10002271,20000
Shar1273,10002272,20000
Shar1274,10002273,20000
Shar1275,10002274,20000
Shar1276,10002275,20000
Shar1277,10002276,20000
Shar1278,10002277,20000
Shar1279,10002278,20000
Shar1280,10002279,20000
Shar1281,10002280,20000
Shar1282,10002281,20000
Shar1283,10002282,20000
Shar1284,10002283,20000
Shar1285,10002284,20000
Shar1286,10002285,20000
Shar1287,10002286,20000
Shar1288,10002287,20000
Shar1289,10002288,20000
Shar1290,10002289,20000
Shar1291,10002290,20000
Shar1292,10002291,20000
Shar1293,10002292,20000
Shar1294,10002293,20000
Shar1295,10002294,20000
Shar1296,10002295,20000
Shar1297,10002296,20000
Shar1298,10002297,20000
Shar1299,10002298,20000
Shar1300,10002299,20000
Shar1301,10002300,20000
Shar1302,10002301,20000
Shar1303,10002302,20000
Shar1304,10002303,20000
Shar1305,10002304,20000
Shar1306,10002305,20000
Shar1307,10002306,20000
Shar1308,10002307,20000
Shar1309,10002308,20000
Shar1310,10002309,20000
Shar1311,10002310,20000
Shar1312,10002311,20000
Shar1313,10002312,20000
Shar1314,10002313,20000
Shar1315,10002314,20000
Shar1316,10002315,20000
Shar1317,10002316,20000
Shar1318,10002317,20000
Shar1319,10002318,20000
Shar1320,10002319,20000
Shar1321,10002320,20000
Shar1322,10002321,20000
Shar1323,10002322,20000
Shar1324,10002323,20000
Shar1325,10002324,20000
Shar1326,10002325,20000
Shar1327,10002326,20000
Shar1328,10002327,20000
Shar1329,10002328,20000
Shar1330,10002329,20000
Shar1331,10002330,20000
Shar1332,10002331,20000
Shar1333,10002332,20000
Shar1334,10002333,20000
Shar1335,10002334,20000
Shar1336,10002335,20000
Shar1337,10002336,20000
Shar1338,10002337,20000
Shar1339,10002338,20000
Shar1340,10002339,20000
Shar1341,10002340,20000
Shar1342,10002341,20000
Shar1343,10002342,20000
Shar1344,10002343,20000
Shar1345,10002344,20000
Shar1346,10002345,20000
Shar1347,10002346,20000
Shar1348,10002347,20000
Shar1349,10002348,20000
Shar1350,10002349,20000
Shar1351,10002350,20000
Shar1352,10002351,20000
Shar1353,10002352,20000
Shar1354,10002353,20000
Shar1355,10002354,20000
Shar1356,10002355,20000
Shar1357,10002356,20000
Shar1358,10002357,20000
Shar1359,10002358,20000
Shar1360,10002359,20000
Shar1361,10002360,20000
Shar1362,10002361,20000
Shar1363,10002362,20000
Shar1364,10002363,20000
Shar1365,10002364,20000
Shar1366,10002365,20000
Shar1367,10002366,20000
Shar1368,10002367,20000
Shar1369,10002368,20000
Shar1370,10002369,20000
Shar1371,10002370,20000
Shar1372,10002371,20000
Shar1373,10002372,20000
Shar1374,10002373,20000
Shar1375,10002374,20000
Shar1376,10002375,20000
Shar1377,10002376,20000
Shar1378,10002377,20000
Shar1379,10002378,20000
Shar1380,10002379,20000
Shar1381,10002380,20000
Shar1382,10002381,20000
Shar1383,10002382,20000
Shar1384,10002383,20000
Shar1385,10002384,20000
Shar1386,10002385,20000
Shar1387,10002386,20000
Shar1388,10002387,20000
Shar1389,10002388,20000
Shar1390,10002389,20000
Shar1391,10002390,20000
Shar1392,10002391,20000
Shar1393,10002392,20000
Shar1394,10002393,20000
Shar1395,10002394,20000
Shar1396,10002395,20000
Shar1397,10002396,20000
Shar1398,10002397,20000
Shar1399,10002398,20000
Shar1400,10002399,20000
Shar1401,10002400,20000
Shar1402,10002401,20000
Shar1403,10002402,20000
Shar1404,10002403,20000
Shar1405,10002404,20000
Shar1406,10002405,20000
Shar1407,10002406,20000
Shar1408,10002407,20000
Shar1409,10002408,20000
Shar1410,10002409,20000
Shar1411,10002410,20000
Shar1412,10002411,20000
Shar1413,10002412,20000
Shar1414,10002413,20000
Shar1415,10002414,20000
Shar1416,10002415,20000
Shar1417,10002416,20000
Shar1418,10002417,20000
Shar1419,10002418,20000
Shar1420,10002419,20000
Shar1421,10002420,20000
Shar1422,10002421,20000
Shar1423,10002422,20000
Shar1424,10002423,20000
Shar1425,10002424,20000
Shar1426,10002425,20000
Shar1427,10002426,20000
Shar1428,10002427,20000
Shar1429,10002428,20000
Shar1430,10002429,20000
Shar1431,10002430,20000
Shar1432,10002431,20000
Shar1433,10002432,20000
Shar1434,10002433,20000
Shar1435,10002434,20000
Shar1436,10002435,20000
Shar1437,10002436,20000
Shar1438,10002437,20000
Shar1439,10002438,20000
Shar1440,10002439,20000
Shar1441,10002440,20000
Shar1442,10002441,20000
Shar1443,10002442,20000
Shar1444,10002443,20000
Shar1445,10002444,20000
Shar1446,10002445,20000
Shar1447,10002446,20000
Shar1448,10002447,20000
Shar1449,10002448,20000
Shar1450,10002449,20000
Shar1451,10002450,20000
Shar1452,10002451,20000
Shar1453,10002452,20000
Shar1454,10002453,20000
Shar1455,10002454,20000
Shar1456,10002455,20000
Shar1457,10002456,20000
Shar1458,10002457,20000
Shar1459,10002458,20000
Shar1460,10002459,20000
Shar1461,10002460,20000
Shar1462,10002461,20000
Shar1463,10002462,20000
Shar1464,10002463,20000
Shar1465,10002464,20000
Shar1466,10002465,20000
Shar1467,10002466,20000
Shar1468,10002467,20000
Shar1469,10002468,20000
Shar1470,10002469,20000
Shar1471,10002470,20000
Shar1472,10002471,20000
Shar1473,10002472,20000
Shar1474,10002473,20000
Shar1475,10002474,20000
Shar1476,10002475,20000
Shar1477,10002476,20000
Shar1478,10002477,20000
Shar1479,10002478,20000
Shar1480,10002479,20000
Shar1481,10002480,20000
Shar1482,10002481,20000
Shar1483,10002482,20000
Shar1484,10002483,20000
Shar1485,10002484,20000
Shar1486,10002485,20000
Shar1487,10002486,20000
Shar1488,10002487,20000
Shar1489,10002488,20000
Shar1490,10002489,20000
Shar1491,10002490,20000
Shar1492,10002491,20000
Shar1493,10002492,20000
Shar1494,10002493,20000
Shar1495,10002494,20000
Shar1496,10002495,20000
Shar1497,10002496,20000
Shar1498,10002497,20000
Shar1499,10002498,20000
Shar1500,10002499,20000
Shar1501,10002500,20000
Shar1502,10002501,20000
Shar1503,10002502,20000
Shar1504,10002503,20000
Shar1505,10002504,20000
Shar1506,10002505,20000
Shar1507,10002506,20000
Shar1508,10002507,20000
Shar1509,10002508,20000
Shar1510,10002509,20000
Shar1511,10002510,20000
Shar1512,10002511,20000
Shar1513,10002512,20000
Shar1514,10002513,20000
Shar1515,10002514,20000
Shar1516,10002515,20000
Shar1517,10002516,20000
Shar1518,10002517,20000
Shar1519,10002518,20000
Shar1520,10002519,20000
Shar1521,10002520,20000
Shar1522,10002521,20000
Shar1523,10002522,20000
Shar1524,10002523,20000
Shar1525,10002524,20000
Shar1526,10002525,20000
Shar1527,10002526,20000
Shar1528,10002527,20000
Shar1529,10002528,20000
Shar1530,10002529,20000
Shar1531,10002530,20000
Shar1532,10002531,20000
Shar1533,10002532,20000
Shar1534,10002533,20000
Shar1535,10002534,20000
Shar1536,10002535,20000
Shar1537,10002536,20000
Shar1538,10002537,20000
Shar1539,10002538,20000
Shar1540,10002539,20000
Shar1541,10002540,20000
Shar1542,10002541,20000
Shar1543,10002542,20000
Shar1544,10002543,20000
Shar1545,10002544,20000
Shar1546,10002545,20000
Shar1547,10002546,20000
Shar1548,10002547,20000
Shar1549,10002548,20000
Shar1550,10002549,20000
Shar1551,10002550,20000
Shar1552,10002551,20000
Shar1553,10002552,20000
Shar1554,10002553,20000
Shar1555,10002554,20000
Shar1556,10002555,20000
Shar1557,10002556,20000
Shar1558,10002557,20000
Shar1559,10002558,20000
Shar1560,10002559,20000
Shar1561,10002560,20000
Shar1562,10002561,20000
Shar1563,10002562,20000
Shar1564,10002563,20000
Shar1565,10002564,20000
Shar1566,10002565,20000
Shar1567,10002566,20000
Shar1568,10002567,20000
Shar1569,10002568,20000
Shar1570,10002569,20000
Shar1571,10002570,20000
Shar1572,10002571,20000
Shar1573,10002572,20000
Shar1574,10002573,20000
Shar1575,10002574,20000
Shar1576,10002575,20000
Shar1577,10002576,20000
Shar1578,10002577,20000
Shar1579,10002578,20000
Shar1580,10002579,20000
Shar1581,10002580,20000
Shar1582,10002581,20000
Shar1583,10002582,20000
Shar1584,10002583,20000
Shar1585,10002584,20000
Shar1586,10002585,20000
Shar1587,10002586,20000
Shar1588,10002587,20000
Shar1589,10002588,20000
Shar1590,10002589,20000
Shar1591,10002590,20000
Shar1592,10002591,20000
Shar1593,10002592,20000
Shar1594,10002593,20000
Shar1595,10002594,20000
Shar1596,10002595,20000
Shar1597,10002596,20000
Shar1598,10002597,20000
Shar1599,10002598,20000
Shar1600,10002599,20000
Shar1601,10002600,20000
Shar1602,10002601,20000
Shar1603,10002602,20000
Shar1604,10002603,20000
Shar1605,10002604,20000
Shar1606,10002605,20000
Shar1607,10002606,20000
Shar1608,10002607,20000
Shar1609,10002608,20000
Shar1610,10002609,20000
Shar1611,10002610,20000
Shar1612,10002611,20000
Shar1613,10002612,20000
Shar1614,10002613,20000
Shar1615,10002614,20000
Shar1616,10002615,20000
Shar1617,10002616,20000
Shar1618,10002617,20000
Shar1619,10002618,20000
Shar1620,10002619,20000
Shar1621,10002620,20000
Shar1622,10002621,20000
Shar1623,10002622,20000
Shar1624,10002623,20000
Shar1625,10002624,20000
Shar1626,10002625,20000
Shar1627,10002626,20000
Shar1628,10002627,20000
Shar1629,10002628,20000
Shar1630,10002629,20000
Shar1631,10002630,20000
Shar1632,10002631,20000
Shar1633,10002632,20000
Shar1634,10002633,20000
Shar1635,10002634,20000
Shar1636,10002635,20000
Shar1637,10002636,20000
Shar1638,10002637,20000
Shar1639,10002638,20000
Shar1640,10002639,20000
Shar1641,10002640,20000
Shar1642,10002641,20000
Shar1643,10002642,20000
Shar1644,10002643,20000
Shar1645,10002644,20000
Shar1646,10002645,20000
Shar1647,10002646,20000
Shar1648,10002647,20000
Shar1649,10002648,20000
Shar1650,10002649,20000
Shar1651,10002650,20000
Shar1652,10002651,20000
Shar1653,10002652,20000
Shar1654,10002653,20000
Shar1655,10002654,20000
Shar1656,10002655,20000
Shar1657,10002656,20000
Shar1658,10002657,20000
Shar1659,10002658,20000
Shar1660,10002659,20000
Shar1661,10002660,20000
Shar1662,10002661,20000
Shar1663,10002662,20000
Shar1664,10002663,20000
Shar1665,10002664,20000
Shar1666,10002665,20000
Shar1667,10002666,20000
Shar1668,10002667,20000
Shar1669,10002668,20000
Shar1670,10002669,20000
Shar1671,10002670,20000
Shar1672,10002671,20000
Shar1673,10002672,20000
Shar1674,10002673,20000
Shar1675,10002674,20000
Shar1676,10002675,20000
Shar1677,10002676,20000
Shar1678,10002677,20000
Shar1679,10002678,20000
Shar1680,10002679,20000
Shar1681,10002680,20000
Shar1682,10002681,20000
Shar1683,10002682,20000
Shar1684,10002683,20000
Shar1685,10002684,20000
Shar1686,10002685,20000
Shar1687,10002686,20000
Shar1688,10002687,20000
Shar1689,10002688,20000
Shar1690,10002689,20000
Shar1691,10002690,20000
Shar1692,10002691,20000
Shar1693,10002692,20000
Shar1694,10002693,20000
Shar1695,10002694,20000
Shar1696,10002695,20000
Shar1697,10002696,20000
Shar1698,10002697,20000
Shar1699,10002698,20000
Shar1700,10002699,20000
Shar1701,10002700,20000
Shar1702,10002701,20000
Shar1703,10002702,20000
Shar1704,10002703,20000
Shar1705,10002704,20000
Shar1706,10002705,20000
Shar1707,10002706,20000
Shar1708,10002707,20000
Shar1709,10002708,20000
Shar1710,10002709,20000
Shar1711,10002710,20000
Shar1712,10002711,20000
Shar1713,10002712,20000
Shar1714,10002713,20000
Shar1715,10002714,20000
Shar1716,10002715,20000
Shar1717,10002716,20000
Shar1718,10002717,20000
Shar1719,10002718,20000
Shar1720,10002719,20000
Shar1721,10002720,20000
Shar1722,10002721,20000
Shar1723,10002722,20000
Shar1724,10002723,20000
Shar1725,10002724,20000
Shar1726,10002725,20000
Shar1727,10002726,20000
Shar1728,10002727,20000
Shar1729,10002728,20000
Shar1730,10002729,20000
Shar1731,10002730,20000
Shar1732,10002731,20000
Shar1733,10002732,20000
Shar1734,10002733,20000
Shar1735,10002734,20000
Shar1736,10002735,20000
Shar1737,10002736,20000
Shar1738,10002737,20000
Shar1739,10002738,20000
Shar1740,10002739,20000
Shar1741,10002740,20000
Shar1742,10002741,20000
Shar1743,10002742,20000
Shar1744,10002743,20000
Shar1745,10002744,20000
Shar1746,10002745,20000
Shar1747,10002746,20000
Shar1748,10002747,20000
Shar1749,10002748,20000
Shar1750,10002749,20000
Shar1751,10002750,20000
Shar1752,10002751,20000
Shar1753,10002752,20000
Shar1754,10002753,20000
Shar1755,10002754,20000
Shar1756,10002755,20000
Shar1757,10002756,20000
Shar1758,10002757,20000
Shar1759,10002758,20000
Shar1760,10002759,20000
Shar1761,10002760,20000
Shar1762,10002761,20000
Shar1763,10002762,20000
Shar1764,10002763,20000
Shar1765,10002764,20000
Shar1766,10002765,20000
Shar1767,10002766,20000
Shar1768,10002767,20000
Shar1769,10002768,20000
Shar1770,10002769,20000
Shar1771,10002770,20000
Shar1772,10002771,20000
Shar1773,10002772,20000
Shar1774,10002773,20000
Shar1775,10002774,20000
Shar1776,10002775,20000
Shar1777,10002776,20000
Shar1778,10002777,20000
Shar1779,10002778,20000
Shar1780,10002779,20000
Shar1781,10002780,20000
Shar1782,10002781,20000
Shar1783,10002782,20000
Shar1784,10002783,20000
Shar1785,10002784,20000
Shar1786,10002785,20000
Shar1787,10002786,20000
Shar1788,10002787,20000
Shar1789,10002788,20000
Shar1790,10002789,20000
Shar1791,10002790,20000
Shar1792,10002791,20000
Shar1793,10002792,20000
Shar1794,10002793,20000
Shar1795,10002794,20000
Shar1796,10002795,20000
Shar1797,10002796,20000
Shar1798,10002797,20000
Shar1799,10002798,20000
Shar1800,10002799,20000
Shar1801,10002800,20000
Shar1802,10002801,20000
Shar1803,10002802,20000
Shar1804,10002803,20000
Shar1805,10002804,20000
Shar1806,10002805,20000
Shar1807,10002806,20000
Shar1808,10002807,20000
Shar1809,10002808,20000
Shar1810,10002809,20000
Shar1811,10002810,20000
Shar1812,10002811,20000
Shar1813,10002812,20000
Shar1814,10002813,20000
Shar1815,10002814,20000
Shar1816,10002815,20000
Shar1817,10002816,20000
Shar1818,10002817,20000
Shar1819,10002818,20000
Shar1820,10002819,20000
Shar1821,10002820,20000
Shar1822,10002821,20000
Shar1823,10002822,20000
Shar1824,10002823,20000
Shar1825,10002824,20000
Shar1826,10002825,20000
Shar1827,10002826,20000
Shar1828,10002827,20000
Shar1829,10002828,20000
Shar1830,10002829,20000
Shar1831,10002830,20000
Shar1832,10002831,20000
Shar1833,10002832,20000
Shar1834,10002833,20000
Shar1835,10002834,20000
Shar1836,10002835,20000
Shar1837,10002836,20000
Shar1838,10002837,20000
Shar1839,10002838,20000
Shar1840,10002839,20000
Shar1841,10002840,20000
Shar1842,10002841,20000
Shar1843,10002842,20000
Shar1844,10002843,20000
Shar1845,10002844,20000
Shar1846,10002845,20000
Shar1847,10002846,20000
Shar1848,10002847,20000
Shar1849,10002848,20000
Shar1850,10002849,20000
Shar1851,10002850,20000
Shar1852,10002851,20000
Shar1853,10002852,20000
Shar1854,10002853,20000
Shar1855,10002854,20000
Shar1856,10002855,20000
Shar1857,10002856,20000
Shar1858,10002857,20000
Shar1859,10002858,20000
Shar1860,10002859,20000
Shar1861,10002860,20000
Shar1862,10002861,20000
Shar1863,10002862,20000
Shar1864,10002863,20000
Shar1865,10002864,20000
Shar1866,10002865,20000
Shar1867,10002866,20000
Shar1868,10002867,20000
Shar1869,10002868,20000
Shar1870,10002869,20000
Shar1871,10002870,20000
Shar1872,10002871,20000
Shar1873,10002872,20000
Shar1874,10002873,20000
Shar1875,10002874,20000
Shar1876,10002875,20000
Shar1877,10002876,20000
Shar1878,10002877,20000
Shar1879,10002878,20000
Shar1880,10002879,20000
Shar1881,10002880,20000
Shar1882,10002881,20000
Shar1883,10002882,20000
Shar1884,10002883,20000
Shar1885,10002884,20000
Shar1886,10002885,20000
Shar1887,10002886,20000
Shar1888,10002887,20000
Shar1889,10002888,20000
Shar1890,10002889,20000
Shar1891,10002890,20000
Shar1892,10002891,20000
Shar1893,10002892,20000
Shar1894,10002893,20000
Shar1895,10002894,20000
Shar1896,10002895,20000
Shar1897,10002896,20000
Shar1898,10002897,20000
Shar1899,10002898,20000
Shar1900,10002899,20000
Shar1901,10002900,20000
Shar1902,10002901,20000
Shar1903,10002902,20000
Shar1904,10002903,20000
Shar1905,10002904,20000
Shar1906,10002905,20000
Shar1907,10002906,20000
Shar1908,10002907,20000
Shar1909,10002908,20000
Shar1910,10002909,20000
Shar1911,10002910,20000
Shar1912,10002911,20000
Shar1913,10002912,20000
Shar1914,10002913,20000
Shar1915,10002914,20000
Shar1916,10002915,20000
Shar1917,10002916,20000
Shar1918,10002917,20000
Shar1919,10002918,20000
Shar1920,10002919,20000
Shar1921,10002920,20000
Shar1922,10002921,20000
Shar1923,10002922,20000
Shar1924,10002923,20000
Shar1925,10002924,20000
Shar1926,10002925,20000
Shar1927,10002926,20000
Shar1928,10002927,20000
Shar1929,10002928,20000
Shar1930,10002929,20000
Shar1931,10002930,20000
Shar1932,10002931,20000
Shar1933,10002932,20000
Shar1934,10002933,20000
Shar1935,10002934,20000
Shar1936,10002935,20000
Shar1937,10002936,20000
Shar1938,10002937,20000
Shar1939,10002938,20000
Shar1940,10002939,20000
Shar1941,10002940,20000
Shar1942,10002941,20000
Shar1943,10002942,20000
Shar1944,10002943,20000
Shar1945,10002944,20000
Shar1946,10002945,20000
Shar1947,10002946,20000
Shar1948,10002947,20000
Shar1949,10002948,20000
Shar1950,10002949,20000
Shar1951,10002950,20000
Shar1952,10002951,20000
Shar1953,10002952,20000
Shar1954,10002953,20000
Shar1955,10002954,20000
Shar1956,10002955,20000
Shar1957,10002956,20000
Shar1958,10002957,20000
Shar1959,10002958,20000
Shar1960,10002959,20000
Shar1961,10002960,20000
Shar1962,10002961,20000
Shar1963,10002962,20000
Shar1964,10002963,20000
Shar1965,10002964,20000
Shar1966,10002965,20000
Shar1967,10002966,20000
Shar1968,10002967,20000
Shar1969,10002968,20000
Shar1970,10002969,20000
Shar1971,10002970,20000
Shar1972,10002971,20000
Shar1973,10002972,20000
Shar1974,10002973,20000
Shar1975,10002974,20000
Shar1976,10002975,20000
Shar1977,10002976,20000
Shar1978,10002977,20000
Shar1979,10002978,20000
Shar1980,10002979,20000
Shar1981,10002980,20000
Shar1982,10002981,20000
Shar1983,10002982,20000
Shar1984,10002983,20000
Shar1985,10002984,20000
Shar1986,10002985,20000
Shar1987,10002986,20000
Shar1988,10002987,20000
Shar1989,10002988,20000
Shar1990,10002989,20000
Shar1991,10002990,20000
Shar1992,10002991,20000
Shar1993,10002992,20000
Shar1994,10002993,20000
Shar1995,10002994,20000
Shar1996,10002995,20000
Shar1997,10002996,20000
Shar1998,10002997,20000
Shar1999,10002998,20000
Shar2000,10002999,20000
Shar2001,10003000,20000
Shar2002,10003001,20000
Shar2003,10003002,20000
Shar2004,10003003,20000
Shar2005,10003004,20000
Shar2006,10003005,20000
Shar2007,10003006,20000
Shar2008,10003007,20000
Shar2009,10003008,20000
Shar2010,10003009,20000
Shar2011,10003010,20000
Shar2012,10003011,20000
Shar2013,10003012,20000
Shar2014,10003013,20000
Shar2015,10003014,20000
Shar2016,10003015,20000
Shar2017,10003016,20000
Shar2018,10003017,20000
Shar2019,10003018,20000
Shar2020,10003019,20000
Shar2021,10003020,20000
Shar2022,10003021,20000
Shar2023,10003022,20000
Shar2024,10003023,20000
Shar2025,10003024,20000
Shar2026,10003025,20000
Shar2027,10003026,20000
Shar2028,10003027,20000
Shar2029,10003028,20000
Shar2030,10003029,20000
Shar2031,10003030,20000
Shar2032,10003031,20000
Shar2033,10003032,20000
Shar2034,10003033,20000
Shar2035,10003034,20000
Shar2036,10003035,20000
Shar2037,10003036,20000
Shar2038,10003037,20000
Shar2039,10003038,20000
Shar2040,10003039,20000
Shar2041,10003040,20000
Shar2042,10003041,20000
Shar2043,10003042,20000
Shar2044,10003043,20000
Shar2045,10003044,20000
Shar2046,10003045,20000
Shar2047,10003046,20000
Shar2048,10003047,20000
Shar2049,10003048,20000
Shar2050,10003049,20000
Shar2051,10003050,20000
Shar2052,10003051,20000
Shar2053,10003052,20000
Shar2054,10003053,20000
Shar2055,10003054,20000
Shar2056,10003055,20000
Shar2057,10003056,20000
Shar2058,10003057,20000
Shar2059,10003058,20000
Shar2060,10003059,20000
Shar2061,10003060,20000
Shar2062,10003061,20000
Shar2063,10003062,20000
Shar2064,10003063,20000
Shar2065,10003064,20000
Shar2066,10003065,20000
Shar2067,10003066,20000
Shar2068,10003067,20000
Shar2069,10003068,20000
Shar2070,10003069,20000
Shar2071,10003070,20000
Shar2072,10003071,20000
Shar2073,10003072,20000
Shar2074,10003073,20000
Shar2075,10003074,20000
Shar2076,10003075,20000
Shar2077,10003076,20000
Shar2078,10003077,20000
Shar2079,10003078,20000
Shar2080,10003079,20000
Shar2081,10003080,20000
Shar2082,10003081,20000
Shar2083,10003082,20000
Shar2084,10003083,20000
Shar2085,10003084,20000
Shar2086,10003085,20000
Shar2087,10003086,20000
Shar2088,10003087,20000
Shar2089,10003088,20000
Shar2090,10003089,20000
Shar2091,10003090,20000
Shar2092,10003091,20000
Shar2093,10003092,20000
Shar2094,10003093,20000
Shar2095,10003094,20000
Shar2096,10003095,20000
Shar2097,10003096,20000
Shar2098,10003097,20000
Shar2099,10003098,20000
Shar2100,10003099,20000
Shar2101,10003100,20000
Shar2102,10003101,20000
Shar2103,10003102,20000
Shar2104,10003103,20000
Shar2105,10003104,20000
Shar2106,10003105,20000
Shar2107,10003106,20000
Shar2108,10003107,20000
Shar2109,10003108,20000
Shar2110,10003109,20000
Shar2111,10003110,20000
Shar2112,10003111,20000
Shar2113,10003112,20000
Shar2114,10003113,20000
Shar2115,10003114,20000
Shar2116,10003115,20000
Shar2117,10003116,20000
Shar2118,10003117,20000
Shar2119,10003118,20000
Shar2120,10003119,20000
Shar2121,10003120,20000
Shar2122,10003121,20000
Shar2123,10003122,20000
Shar2124,10003123,20000
Shar2125,10003124,20000
Shar2126,10003125,20000
Shar2127,10003126,20000
Shar2128,10003127,20000
Shar2129,10003128,20000
Shar2130,10003129,20000
Shar2131,10003130,20000
Shar2132,10003131,20000
Shar2133,10003132,20000
Shar2134,10003133,20000
Shar2135,10003134,20000
Shar2136,10003135,20000
Shar2137,10003136,20000
Shar2138,10003137,20000
Shar2139,10003138,20000
Shar2140,10003139,20000
Shar2141,10003140,20000
Shar2142,10003141,20000
Shar2143,10003142,20000
Shar2144,10003143,20000
Shar2145,10003144,20000
Shar2146,10003145,20000
Shar2147,10003146,20000
Shar2148,10003147,20000
Shar2149,10003148,20000
Shar2150,10003149,20000
Shar2151,10003150,20000
Shar2152,10003151,20000
Shar2153,10003152,20000
Shar2154,10003153,20000
Shar2155,10003154,20000
Shar2156,10003155,20000
Shar2157,10003156,20000
Shar2158,10003157,20000
Shar2159,10003158,20000
Shar2160,10003159,20000
Shar2161,10003160,20000
Shar2162,10003161,20000
Shar2163,10003162,20000
Shar2164,10003163,20000
Shar2165,10003164,20000
Shar2166,10003165,20000
Shar2167,10003166,20000
Shar2168,10003167,20000
Shar2169,10003168,20000
Shar2170,10003169,20000
Shar2171,10003170,20000
Shar2172,10003171,20000
Shar2173,10003172,20000
Shar2174,10003173,20000
Shar2175,10003174,20000
Shar2176,10003175,20000
Shar2177,10003176,20000
Shar2178,10003177,20000
Shar2179,10003178,20000
Shar2180,10003179,20000
Shar2181,10003180,20000
Shar2182,10003181,20000
Shar2183,10003182,20000
Shar2184,10003183,20000
Shar2185,10003184,20000
Shar2186,10003185,20000
Shar2187,10003186,20000
Shar2188,10003187,20000
Shar2189,10003188,20000
Shar2190,10003189,20000
Shar2191,10003190,20000
Shar2192,10003191,20000
Shar2193,10003192,20000
Shar2194,10003193,20000
Shar2195,10003194,20000
Shar2196,10003195,20000
Shar2197,10003196,20000
Shar2198,10003197,20000
Shar2199,10003198,20000
Shar2200,10003199,20000
Shar2201,10003200,20000
Shar2202,10003201,20000
Shar2203,10003202,20000
Shar2204,10003203,20000
Shar2205,10003204,20000
Shar2206,10003205,20000
Shar2207,10003206,20000
Shar2208,10003207,20000
Shar2209,10003208,20000
Shar2210,10003209,20000
Shar2211,10003210,20000
Shar2212,10003211,20000
Shar2213,10003212,20000
Shar2214,10003213,20000
Shar2215,10003214,20000
Shar2216,10003215,20000
Shar2217,10003216,20000
Shar2218,10003217,20000
Shar2219,10003218,20000
Shar2220,10003219,20000
Shar2221,10003220,20000
Shar2222,10003221,20000
Shar2223,10003222,20000
Shar2224,10003223,20000
Shar2225,10003224,20000
Shar2226,10003225,20000
Shar2227,10003226,20000
Shar2228,10003227,20000
Shar2229,10003228,20000
Shar2230,10003229,20000
Shar2231,10003230,20000
Shar2232,10003231,20000
Shar2233,10003232,20000
Shar2234,10003233,20000
Shar2235,10003234,20000
Shar2236,10003235,20000
Shar2237,10003236,20000
Shar2238,10003237,20000
Shar2239,10003238,20000
Shar2240,10003239,20000
Shar2241,10003240,20000
Shar2242,10003241,20000
Shar2243,10003242,20000
Shar2244,10003243,20000
Shar2245,10003244,20000
Shar2246,10003245,20000
Shar2247,10003246,20000
Shar2248,10003247,20000
Shar2249,10003248,20000
Shar2250,10003249,20000
Shar2251,10003250,20000
Shar2252,10003251,20000
Shar2253,10003252,20000
Shar2254,10003253,20000
Shar2255,10003254,20000
Shar2256,10003255,20000
Shar2257,10003256,20000
Shar2258,10003257,20000
Shar2259,10003258,20000
Shar2260,10003259,20000
Shar2261,10003260,20000
Shar2262,10003261,20000
Shar2263,10003262,20000
Shar2264,10003263,20000
Shar2265,10003264,20000
Shar2266,10003265,20000
Shar2267,10003266,20000
Shar2268,10003267,20000
Shar2269,10003268,20000
Shar2270,10003269,20000
Shar2271,10003270,20000
Shar2272,10003271,20000
Shar2273,10003272,20000
Shar2274,10003273,20000
Shar2275,10003274,20000
Shar2276,10003275,20000
Shar2277,10003276,20000
Shar2278,10003277,20000
Shar2279,10003278,20000
Shar2280,10003279,20000
Shar2281,10003280,20000
Shar2282,10003281,20000
Shar2283,10003282,20000
Shar2284,10003283,20000
Shar2285,10003284,20000
Shar2286,10003285,20000
Shar2287,10003286,20000
Shar2288,10003287,20000
Shar2289,10003288,20000
Shar2290,10003289,20000
Shar2291,10003290,20000
Shar2292,10003291,20000
Shar2293,10003292,20000
Shar2294,10003293,20000
Shar2295,10003294,20000
Shar2296,10003295,20000
Shar2297,10003296,20000
Shar2298,10003297,20000
Shar2299,10003298,20000
Shar2300,10003299,20000
Shar2301,10003300,20000
Shar2302,10003301,20000
Shar2303,10003302,20000
Shar2304,10003303,20000
Shar2305,10003304,20000
Shar2306,10003305,20000
Shar2307,10003306,20000
Shar2308,10003307,20000
Shar2309,10003308,20000
Shar2310,10003309,20000
Shar2311,10003310,20000
Shar2312,10003311,20000
Shar2313,10003312,20000
Shar2314,10003313,20000
Shar2315,10003314,20000
Shar2316,10003315,20000
Shar2317,10003316,20000
Shar2318,10003317,20000
Shar2319,10003318,20000
Shar2320,10003319,20000
Shar2321,10003320,20000
Shar2322,10003321,20000
Shar2323,10003322,20000
Shar2324,10003323,20000
Shar2325,10003324,20000
Shar2326,10003325,20000
Shar2327,10003326,20000
Shar2328,10003327,20000
Shar2329,10003328,20000
Shar2330,10003329,20000
Shar2331,10003330,20000
Shar2332,10003331,20000
Shar2333,10003332,20000
Shar2334,10003333,20000
Shar2335,10003334,20000
Shar2336,10003335,20000
Shar2337,10003336,20000
Shar2338,10003337,20000
Shar2339,10003338,20000
Shar2340,10003339,20000
Shar2341,10003340,20000
Shar2342,10003341,20000
Shar2343,10003342,20000
Shar2344,10003343,20000
Shar2345,10003344,20000
Shar2346,10003345,20000
Shar2347,10003346,20000
Shar2348,10003347,20000
Shar2349,10003348,20000
Shar2350,10003349,20000
Shar2351,10003350,20000
Shar2352,10003351,20000
Shar2353,10003352,20000
Shar2354,10003353,20000
Shar2355,10003354,20000
Shar2356,10003355,20000
Shar2357,10003356,20000
Shar2358,10003357,20000
Shar2359,10003358,20000
Shar2360,10003359,20000
Shar2361,10003360,20000
Shar2362,10003361,20000
Shar2363,10003362,20000
Shar2364,10003363,20000
Shar2365,10003364,20000
Shar2366,10003365,20000
Shar2367,10003366,20000
Shar2368,10003367,20000
Shar2369,10003368,20000
Shar2370,10003369,20000
Shar2371,10003370,20000
Shar2372,10003371,20000
Shar2373,10003372,20000
Shar2374,10003373,20000
Shar2375,10003374,20000
Shar2376,10003375,20000
Shar2377,10003376,20000
Shar2378,10003377,20000
Shar2379,10003378,20000
Shar2380,10003379,20000
Shar2381,10003380,20000
Shar2382,10003381,20000
Shar2383,10003382,20000
Shar2384,10003383,20000
Shar2385,10003384,20000
Shar2386,10003385,20000
Shar2387,10003386,20000
Shar2388,10003387,20000
Shar2389,10003388,20000
Shar2390,10003389,20000
Shar2391,10003390,20000
Shar2392,10003391,20000
Shar2393,10003392,20000
Shar2394,10003393,20000
Shar2395,10003394,20000
Shar2396,10003395,20000
Shar2397,10003396,20000
Shar2398,10003397,20000
Shar2399,10003398,20000
Shar2400,10003399,20000
Shar2401,10003400,20000
Shar2402,10003401,20000
Shar2403,10003402,20000
Shar2404,10003403,20000
Shar2405,10003404,20000
Shar2406,10003405,20000
Shar2407,10003406,20000
Shar2408,10003407,20000
Shar2409,10003408,20000
Shar2410,10003409,20000
Shar2411,10003410,20000
Shar2412,10003411,20000
Shar2413,10003412,20000
Shar2414,10003413,20000
Shar2415,10003414,20000
Shar2416,10003415,20000
Shar2417,10003416,20000
Shar2418,10003417,20000
Shar2419,10003418,20000
Shar2420,10003419,20000
Shar2421,10003420,20000
Shar2422,10003421,20000
Shar2423,10003422,20000
Shar2424,10003423,20000
Shar2425,10003424,20000
Shar2426,10003425,20000
Shar2427,10003426,20000
Shar2428,10003427,20000
Shar2429,10003428,20000
Shar2430,10003429,20000
Shar2431,10003430,20000
Shar2432,10003431,20000
Shar2433,10003432,20000
Shar2434,10003433,20000
Shar2435,10003434,20000
Shar2436,10003435,20000
Shar2437,10003436,20000
Shar2438,10003437,20000
Shar2439,10003438,20000
Shar2440,10003439,20000
Shar2441,10003440,20000
Shar2442,10003441,20000
Shar2443,10003442,20000
Shar2444,10003443,20000
Shar2445,10003444,20000
Shar2446,10003445,20000
Shar2447,10003446,20000
Shar2448,10003447,20000
Shar2449,10003448,20000
Shar2450,10003449,20000
Shar2451,10003450,20000
Shar2452,10003451,20000
Shar2453,10003452,20000
Shar2454,10003453,20000
Shar2455,10003454,20000
Shar2456,10003455,20000
Shar2457,10003456,20000
Shar2458,10003457,20000
Shar2459,10003458,20000
Shar2460,10003459,20000
Shar2461,10003460,20000
Shar2462,10003461,20000
Shar2463,10003462,20000
Shar2464,10003463,20000
Shar2465,10003464,20000
Shar2466,10003465,20000
Shar2467,10003466,20000
Shar2468,10003467,20000
Shar2469,10003468,20000
Shar2470,10003469,20000
Shar2471,10003470,20000
Shar2472,10003471,20000
Shar2473,10003472,20000
Shar2474,10003473,20000
Shar2475,10003474,20000
Shar2476,10003475,20000
Shar2477,10003476,20000
Shar2478,10003477,20000
Shar2479,10003478,20000
Shar2480,10003479,20000
Shar2481,10003480,20000
Shar2482,10003481,20000
Shar2483,10003482,20000
Shar2484,10003483,20000
Shar2485,10003484,20000
Shar2486,10003485,20000
Shar2487,10003486,20000
Shar2488,10003487,20000
Shar2489,10003488,20000
Shar2490,10003489,20000
Shar2491,10003490,20000
Shar2492,10003491,20000
Shar2493,10003492,20000
Shar2494,10003493,20000
Shar2495,10003494,20000
Shar2496,10003495,20000
Shar2497,10003496,20000
Shar2498,10003497,20000
Shar2499,10003498,20000
Shar2500,10003499,20000
Shar2501,10003500,20000
Shar2502,10003501,20000
Shar2503,10003502,20000
Shar2504,10003503,20000
Shar2505,10003504,20000
Shar2506,10003505,20000
Shar2507,10003506,20000
Shar2508,10003507,20000
Shar2509,10003508,20000
Shar2510,10003509,20000
Shar2511,10003510,20000
Shar2512,10003511,20000
Shar2513,10003512,20000
Shar2514,10003513,20000
Shar2515,10003514,20000
Shar2516,10003515,20000
Shar2517,10003516,20000
Shar2518,10003517,20000
Shar2519,10003518,20000
Shar2520,10003519,20000
Shar2521,10003520,20000
Shar2522,10003521,20000
Shar2523,10003522,20000
Shar2524,10003523,20000
Shar2525,10003524,20000
Shar2526,10003525,20000
Shar2527,10003526,20000
Shar2528,10003527,20000
Shar2529,10003528,20000
Shar2530,10003529,20000
Shar2531,10003530,20000
Shar2532,10003531,20000
Shar2533,10003532,20000
Shar2534,10003533,20000
Shar2535,10003534,20000
Shar2536,10003535,20000
Shar2537,10003536,20000
Shar2538,10003537,20000
Shar2539,10003538,20000
Shar2540,10003539,20000
Shar2541,10003540,20000
Shar2542,10003541,20000
Shar2543,10003542,20000
Shar2544,10003543,20000
Shar2545,10003544,20000
Shar2546,10003545,20000
Shar2547,10003546,20000
Shar2548,10003547,20000
Shar2549,10003548,20000
Shar2550,10003549,20000
Shar2551,10003550,20000
Shar2552,10003551,20000
Shar2553,10003552,20000
Shar2554,10003553,20000
Shar2555,10003554,20000
Shar2556,10003555,20000
Shar2557,10003556,20000
Shar2558,10003557,20000
Shar2559,10003558,20000
Shar2560,10003559,20000
Shar2561,10003560,20000
Shar2562,10003561,20000
Shar2563,10003562,20000
Shar2564,10003563,20000
Shar2565,10003564,20000
Shar2566,10003565,20000
Shar2567,10003566,20000
Shar2568,10003567,20000
Shar2569,10003568,20000
Shar2570,10003569,20000
Shar2571,10003570,20000
Shar2572,10003571,20000
Shar2573,10003572,20000
Shar2574,10003573,20000
Shar2575,10003574,20000
Shar2576,10003575,20000
Shar2577,10003576,20000
Shar2578,10003577,20000
Shar2579,10003578,20000
Shar2580,10003579,20000
Shar2581,10003580,20000
Shar2582,10003581,20000
Shar2583,10003582,20000
Shar2584,10003583,20000
Shar2585,10003584,20000
Shar2586,10003585,20000
Shar2587,10003586,20000
Shar2588,10003587,20000
Shar2589,10003588,20000
Shar2590,10003589,20000
Shar2591,10003590,20000
Shar2592,10003591,20000
Shar2593,10003592,20000
Shar2594,10003593,20000
Shar2595,10003594,20000
Shar2596,10003595,20000
Shar2597,10003596,20000
Shar2598,10003597,20000
Shar2599,10003598,20000
Shar2600,10003599,20000
Shar2601,10003600,20000
Shar2602,10003601,20000
Shar2603,10003602,20000
Shar2604,10003603,20000
Shar2605,10003604,20000
Shar2606,10003605,20000
Shar2607,10003606,20000
Shar2608,10003607,20000
Shar2609,10003608,20000
Shar2610,10003609,20000
Shar2611,10003610,20000
Shar2612,10003611,20000
Shar2613,10003612,20000
Shar2614,10003613,20000
Shar2615,10003614,20000
Shar2616,10003615,20000
Shar2617,10003616,20000
Shar2618,10003617,20000
Shar2619,10003618,20000
Shar2620,10003619,20000
Shar2621,10003620,20000
Shar2622,10003621,20000
Shar2623,10003622,20000
Shar2624,10003623,20000
Shar2625,10003624,20000
Shar2626,10003625,20000
Shar2627,10003626,20000
Shar2628,10003627,20000
Shar2629,10003628,20000
Shar2630,10003629,20000
Shar2631,10003630,20000
Shar2632,10003631,20000
Shar2633,10003632,20000
Shar2634,10003633,20000
Shar2635,10003634,20000
Shar2636,10003635,20000
Shar2637,10003636,20000
Shar2638,10003637,20000
Shar2639,10003638,20000
Shar2640,10003639,20000
Shar2641,10003640,20000
Shar2642,10003641,20000
Shar2643,10003642,20000
Shar2644,10003643,20000
Shar2645,10003644,20000
Shar2646,10003645,20000
Shar2647,10003646,20000
Shar2648,10003647,20000
Shar2649,10003648,20000
Shar2650,10003649,20000
Shar2651,10003650,20000
Shar2652,10003651,20000
Shar2653,10003652,20000
Shar2654,10003653,20000
Shar2655,10003654,20000
Shar2656,10003655,20000
Shar2657,10003656,20000
Shar2658,10003657,20000
Shar2659,10003658,20000
Shar2660,10003659,20000
Shar2661,10003660,20000
Shar2662,10003661,20000
Shar2663,10003662,20000
Shar2664,10003663,20000
Shar2665,10003664,20000
Shar2666,10003665,20000
Shar2667,10003666,20000
Shar2668,10003667,20000
Shar2669,10003668,20000
Shar2670,10003669,20000
Shar2671,10003670,20000
Shar2672,10003671,20000
Shar2673,10003672,20000
Shar2674,10003673,20000
Shar2675,10003674,20000
Shar2676,10003675,20000
Shar2677,10003676,20000
Shar2678,10003677,20000
Shar2679,10003678,20000
Shar2680,10003679,20000
Shar2681,10003680,20000
Shar2682,10003681,20000
Shar2683,10003682,20000
Shar2684,10003683,20000
Shar2685,10003684,20000
Shar2686,10003685,20000
Shar2687,10003686,20000
Shar2688,10003687,20000
Shar2689,10003688,20000
Shar2690,10003689,20000
Shar2691,10003690,20000
Shar2692,10003691,20000
Shar2693,10003692,20000
Shar2694,10003693,20000
Shar2695,10003694,20000
Shar2696,10003695,20000
Shar2697,10003696,20000
Shar2698,10003697,20000
Shar2699,10003698,20000
Shar2700,10003699,20000
Shar2701,10003700,20000
Shar2702,10003701,20000
Shar2703,10003702,20000
Shar2704,10003703,20000
Shar2705,10003704,20000
Shar2706,10003705,20000
Shar2707,10003706,20000
Shar2708,10003707,20000
Shar2709,10003708,20000
Shar2710,10003709,20000
Shar2711,10003710,20000
Shar2712,10003711,20000
Shar2713,10003712,20000
Shar2714,10003713,20000
Shar2715,10003714,20000
Shar2716,10003715,20000
Shar2717,10003716,20000
Shar2718,10003717,20000
Shar2719,10003718,20000
Shar2720,10003719,20000
Shar2721,10003720,20000
Shar2722,10003721,20000
Shar2723,10003722,20000
Shar2724,10003723,20000
Shar2725,10003724,20000
Shar2726,10003725,20000
Shar2727,10003726,20000
Shar2728,10003727,20000
Shar2729,10003728,20000
Shar2730,10003729,20000
Shar2731,10003730,20000
Shar2732,10003731,20000
Shar2733,10003732,20000
Shar2734,10003733,20000
Shar2735,10003734,20000
Shar2736,10003735,20000
Shar2737,10003736,20000
Shar2738,10003737,20000
Shar2739,10003738,20000
Shar2740,10003739,20000
Shar2741,10003740,20000
Shar2742,10003741,20000
Shar2743,10003742,20000
Shar2744,10003743,20000
Shar2745,10003744,20000
Shar2746,10003745,20000
Shar2747,10003746,20000
Shar2748,10003747,20000
Shar2749,10003748,20000
Shar2750,10003749,20000
Shar2751,10003750,20000
Shar2752,10003751,20000
Shar2753,10003752,20000
Shar2754,10003753,20000
Shar2755,10003754,20000
Shar2756,10003755,20000
Shar2757,10003756,20000
Shar2758,10003757,20000
Shar2759,10003758,20000
Shar2760,10003759,20000
Shar2761,10003760,20000
Shar2762,10003761,20000
Shar2763,10003762,20000
Shar2764,10003763,20000
Shar2765,10003764,20000
Shar2766,10003765,20000
Shar2767,10003766,20000
Shar2768,10003767,20000
Shar2769,10003768,20000
Shar2770,10003769,20000
Shar2771,10003770,20000
Shar2772,10003771,20000
Shar2773,10003772,20000
Shar2774,10003773,20000
Shar2775,10003774,20000
Shar2776,10003775,20000
Shar2777,10003776,20000
Shar2778,10003777,20000
Shar2779,10003778,20000
Shar2780,10003779,20000
Shar2781,10003780,20000
Shar2782,10003781,20000
Shar2783,10003782,20000
Shar2784,10003783,20000
Shar2785,10003784,20000
Shar2786,10003785,20000
Shar2787,10003786,20000
Shar2788,10003787,20000
Shar2789,10003788,20000
Shar2790,10003789,20000
Shar2791,10003790,20000
Shar2792,10003791,20000
Shar2793,10003792,20000
Shar2794,10003793,20000
Shar2795,10003794,20000
Shar2796,10003795,20000
Shar2797,10003796,20000
Shar2798,10003797,20000
Shar2799,10003798,20000
Shar2800,10003799,20000
Shar2801,10003800,20000
Shar2802,10003801,20000
Shar2803,10003802,20000
Shar2804,10003803,20000
Shar2805,10003804,20000
Shar2806,10003805,20000
Shar2807,10003806,20000
Shar2808,10003807,20000
Shar2809,10003808,20000
Shar2810,10003809,20000
Shar2811,10003810,20000
Shar2812,10003811,20000
Shar2813,10003812,20000
Shar2814,10003813,20000
Shar2815,10003814,20000
Shar2816,10003815,20000
Shar2817,10003816,20000
Shar2818,10003817,20000
Shar2819,10003818,20000
Shar2820,10003819,20000
Shar2821,10003820,20000
Shar2822,10003821,20000
Shar2823,10003822,20000
Shar2824,10003823,20000
Shar2825,10003824,20000
Shar2826,10003825,20000
Shar2827,10003826,20000
Shar2828,10003827,20000
Shar2829,10003828,20000
Shar2830,10003829,20000
Shar2831,10003830,20000
Shar2832,10003831,20000
Shar2833,10003832,20000
Shar2834,10003833,20000
Shar2835,10003834,20000
Shar2836,10003835,20000
Shar2837,10003836,20000
Shar2838,10003837,20000
Shar2839,10003838,20000
Shar2840,10003839,20000
Shar2841,10003840,20000
Shar2842,10003841,20000
Shar2843,10003842,20000
Shar2844,10003843,20000
Shar2845,10003844,20000
Shar2846,10003845,20000
Shar2847,10003846,20000
Shar2848,10003847,20000
Shar2849,10003848,20000
Shar2850,10003849,20000
Shar2851,10003850,20000
Shar2852,10003851,20000
Shar2853,10003852,20000
Shar2854,10003853,20000
Shar2855,10003854,20000
Shar2856,10003855,20000
Shar2857,10003856,20000
Shar2858,10003857,20000
Shar2859,10003858,20000
Shar2860,10003859,20000
Shar2861,10003860,20000
Shar2862,10003861,20000
Shar2863,10003862,20000
Shar2864,10003863,20000
Shar2865,10003864,20000
Shar2866,10003865,20000
Shar2867,10003866,20000
Shar2868,10003867,20000
Shar2869,10003868,20000
Shar2870,10003869,20000
Shar2871,10003870,20000
Shar2872,10003871,20000
Shar2873,10003872,20000
Shar2874,10003873,20000
Shar2875,10003874,20000
Shar2876,10003875,20000
Shar2877,10003876,20000
Shar2878,10003877,20000
Shar2879,10003878,20000
Shar2880,10003879,20000
Shar2881,10003880,20000
Shar2882,10003881,20000
Shar2883,10003882,20000
Shar2884,10003883,20000
Shar2885,10003884,20000
Shar2886,10003885,20000
Shar2887,10003886,20000
Shar2888,10003887,20000
Shar2889,10003888,20000
Shar2890,10003889,20000
Shar2891,10003890,20000
Shar2892,10003891,20000
Shar2893,10003892,20000
Shar2894,10003893,20000
Shar2895,10003894,20000
Shar2896,10003895,20000
Shar2897,10003896,20000
Shar2898,10003897,20000
Shar2899,10003898,20000
Shar2900,10003899,20000
Shar2901,10003900,20000
Shar2902,10003901,20000
Shar2903,10003902,20000
Shar2904,10003903,20000
Shar2905,10003904,20000
Shar2906,10003905,20000
Shar2907,10003906,20000
Shar2908,10003907,20000
Shar2909,10003908,20000
Shar2910,10003909,20000
Shar2911,10003910,20000
Shar2912,10003911,20000
Shar2913,10003912,20000
Shar2914,10003913,20000
Shar2915,10003914,20000
Shar2916,10003915,20000
Shar2917,10003916,20000
Shar2918,10003917,20000
Shar2919,10003918,20000
Shar2920,10003919,20000
Shar2921,10003920,20000
Shar2922,10003921,20000
Shar2923,10003922,20000
Shar2924,10003923,20000
Shar2925,10003924,20000
Shar2926,10003925,20000
Shar2927,10003926,20000
Shar2928,10003927,20000
Shar2929,10003928,20000
Shar2930,10003929,20000
Shar2931,10003930,20000
Shar2932,10003931,20000
Shar2933,10003932,20000
Shar2934,10003933,20000
Shar2935,10003934,20000
Shar2936,10003935,20000
Shar2937,10003936,20000
Shar2938,10003937,20000
Shar2939,10003938,20000
Shar2940,10003939,20000
Shar2941,10003940,20000
Shar2942,10003941,20000
Shar2943,10003942,20000
Shar2944,10003943,20000
Shar2945,10003944,20000
Shar2946,10003945,20000
Shar2947,10003946,20000
Shar2948,10003947,20000
Shar2949,10003948,20000
Shar2950,10003949,20000
Shar2951,10003950,20000
Shar2952,10003951,20000
Shar2953,10003952,20000
Shar2954,10003953,20000
Shar2955,10003954,20000
Shar2956,10003955,20000
Shar2957,10003956,20000
Shar2958,10003957,20000
Shar2959,10003958,20000
Shar2960,10003959,20000
Shar2961,10003960,20000
Shar2962,10003961,20000
Shar2963,10003962,20000
Shar2964,10003963,20000
Shar2965,10003964,20000
Shar2966,10003965,20000
Shar2967,10003966,20000
Shar2968,10003967,20000
Shar2969,10003968,20000
Shar2970,10003969,20000
Shar2971,10003970,20000
Shar2972,10003971,20000
Shar2973,10003972,20000
Shar2974,10003973,20000
Shar2975,10003974,20000
Shar2976,10003975,20000
Shar2977,10003976,20000
Shar2978,10003977,20000
Shar2979,10003978,20000
Shar2980,10003979,20000
Shar2981,10003980,20000
Shar2982,10003981,20000
Shar2983,10003982,20000
Shar2984,10003983,20000
Shar2985,10003984,20000
Shar2986,10003985,20000
Shar2987,10003986,20000
Shar2988,10003987,20000
Shar2989,10003988,20000
Shar2990,10003989,20000
Shar2991,10003990,20000
Shar2992,10003991,20000
Shar2993,10003992,20000
Shar2994,10003993,20000
Shar2995,10003994,20000
Shar2996,10003995,20000
Shar2997,10003996,20000
Shar2998,10003997,20000
